constituency,district,predicted,confidence,LDF,UDF,NDA,OTHERS,vs_LDF,vs_UDF,vs_NDA,vs_OTHERS
Manjeshwaram,Kasaragod,UDF,0.9172887841860453,0.00026198866493892434,0.9172887841860453,0.08244361476939105,5.608320173932131e-06,0.44791558335224785,0.4061403902247548,0.12822230375245733,0.017721715514562676
Kasaragod,Kasaragod,UDF,0.9211379875739415,0.00022573621315791215,0.9211379875739415,0.07862759555637508,8.66836032298145e-06,0.4594806263844172,0.41073398319228244,0.11245156855688027,0.017333838948979975
Udma,Kasaragod,LDF,0.951030840476354,0.951030840476354,0.048370861181827464,0.0004922887768232575,0.0001060290106554975,0.44958898027737937,0.4126062333583832,0.11207842015374289,0.025726371149842938
Kanhangad,Kasaragod,LDF,0.9826185822486877,0.9826185822486877,0.017313047502447,4.2290281541129965e-05,2.6091588049307448e-05,0.48774328430493674,0.3935568037132422,0.09608719658178068,0.02261272695225974
Thrikkaripur,Kasaragod,LDF,0.9798956314722697,0.9798956314722697,0.020020823616288305,5.327524886460585e-05,3.025386872985481e-05,0.4841264029343923,0.3950485438108444,0.09784144730623198,0.022983616714676223
Payyannur,Kannur,LDF,0.9997810165087382,0.9997810165087382,0.00021328544024139506,2.4558508456817374e-07,5.439622471372743e-06,0.6109789530436198,0.30030357614159586,0.06928622620968478,0.019431237244469202
Kalliasseri,Kannur,LDF,0.9997643113136292,0.9997643113136292,0.00023202185090806003,3.281831491298079e-07,3.3414971190648886e-06,0.6080942372481029,0.3018639833045503,0.07026940761716105,0.019772366546523302
Thalassery,Kannur,LDF,0.999683427810669,0.999683427810669,0.00031453377908370535,4.968443017019767e-07,1.5527297518382513e-06,0.6016590297222137,0.3060509784457584,0.0721165615102412,0.020173420221785913
Dharmadom,Kannur,LDF,0.9997606873512268,0.9997606873512268,0.00023379781611407148,2.1226848684197962e-07,5.2876864868066885e-06,0.6106991012891133,0.30103404141652085,0.06894843872760248,0.019318413377193623
Thaliparamba,Kannur,LDF,0.9973646680514018,0.9973646680514018,0.0026036787109952673,1.9215947177772106e-05,1.243157179887325e-05,0.5707129776477814,0.32671205795680486,0.08129955448234037,0.021275415406504787
Irikkur,Kannur,UDF,0.9621505816777547,2.2039681322205685e-05,0.9621505816777547,0.03782662612435164,7.476151649338598e-07,0.4028487021103501,0.5034245148301124,0.08006209699151959,0.013664691696087285
Azhikode,Kannur,LDF,0.9874910314877828,0.9874910314877828,0.00485753419261199,0.007034234024232312,0.000617201024026772,0.5429168621699015,0.34718853546853246,0.08585547847920653,0.024039106447571613
Kannur,Kannur,LDF,0.9377138217290243,0.9377138217290243,0.03205354181061087,0.02725648198612194,0.0029761547546394854,0.5283587137858073,0.35763362800954446,0.08770340594292114,0.02630424739453474
Kuthuparamba,Kannur,LDF,0.9931671937306722,0.9931671937306722,0.004918379623001375,0.0017077421718689292,0.00020668887411320894,0.5506208876768748,0.3412899526270005,0.08505556312643205,0.023033587639217028
Mattannur,Kannur,LDF,0.9998788952827453,0.9998788952827453,0.00010476562769038145,3.28077938182705e-07,1.6008918523696264e-05,0.6172381122907002,0.2937951712248226,0.06957945753996077,0.019387255734750752
Peravoor,Kannur,UDF,0.9564647356669108,1.328399923020418e-05,0.9564647356669108,0.0435207181695565,1.2473638633355369e-06,0.4009875901043415,0.5008194650212924,0.08432811583961314,0.013864836659617795
Mananthavady,Wayanad,UDF,0.8661637740209699,0.06462192110485981,0.8661637740209699,0.06895498360666417,0.0002593147767328219,0.4788690487543742,0.38910239016016324,0.08693017885173582,0.045098404345314216
Sulthan Bathery,Wayanad,UDF,0.9435450494289398,2.147087241653282e-06,0.9435450494289398,0.056451175209311186,1.6492077969227324e-06,0.4203910936911901,0.486591129998366,0.07317134846982754,0.019846425633295438
Kalpetta,Wayanad,UDF,0.9102079298968117,3.4981700586089767e-06,0.9102079298968117,0.0897850036615309,3.603945120763145e-06,0.3962929182375471,0.4988427552084128,0.08349263643625211,0.021371677056110153
Vatakara,Kozhikode,LDF,0.741256067653497,0.741256067653497,0.24485314685152842,0.006970232077628325,0.006920574392364311,0.5066835323969523,0.38771260807019037,0.08579398528672755,0.019809878058731557
Kuttiady,Kozhikode,UDF,0.6327220577436189,0.3538321304135025,0.6327220577436189,0.0057039932285533725,0.007741814054563031,0.47496121923128765,0.4055257221970047,0.0948097438318655,0.024703316416222757
Nadapuram,Kozhikode,LDF,0.49837203590820234,0.49837203590820234,0.4892561681413402,0.004603655209977357,0.007768162214371869,0.4874455451965332,0.397942192897608,0.09168590361368842,0.022926340262104834
Koyilandy,Kozhikode,LDF,0.7312551841139794,0.7312551841139794,0.25500868385036785,0.006773107699508548,0.006963031659459311,0.5060131629308064,0.38803540333501585,0.08602414092601976,0.019927299937504965
Perambra,Kozhikode,LDF,0.9409314513206481,0.9409314513206481,0.034045508866408114,0.018093781780148695,0.006929241165110258,0.528605463107427,0.37943069672813484,0.07567381170229055,0.016290038337865555
Balusseri,Kozhikode,LDF,0.928275509380425,0.928275509380425,0.004757509073507767,0.00047798725387554003,0.06648899062258797,0.532182631889979,0.3586398338907808,0.08733930887419775,0.021838220595053314
Elathur,Kozhikode,LDF,0.9967763662338257,0.9967763662338257,8.93174459237282e-05,0.0024148055067551764,0.000719524914246434,0.5472695887088775,0.36422339535007875,0.07151193178724498,0.016995096813055475
Kozhikode North,Kozhikode,LDF,0.9007948438326517,0.9007948438326517,0.082965231395868,0.00964295995880557,0.006596988031984849,0.5192522565523784,0.38058357554825,0.0823450549331028,0.017819083044256938
Kozhikode South,Kozhikode,LDF,0.8120047907034557,0.8120047907034557,0.17711609549005516,0.00365189548709078,0.0072272491886904745,0.5036756177743276,0.38577904581773814,0.09034015539800748,0.02020518685458228
Beypore,Kozhikode,LDF,0.9774434685707092,0.9774434685707092,0.006082032973025129,0.011462336160685305,0.005012172662642438,0.5344076116879781,0.3774702789611183,0.07203155329140525,0.01609054675554944
Kunnamangalam,Kozhikode,LDF,0.5976762250686686,0.5976762250686686,0.27566933566704394,0.07311869991061333,0.0535357589681477,0.4629641940196355,0.4007992308936082,0.10750434344323972,0.028732235474065723
Koduvally,Kozhikode,UDF,0.9639110565185547,4.898592109907167e-06,0.9639110565185547,0.03608378832699645,2.728424390363582e-07,0.325504413805902,0.5362221121788024,0.12307269886317347,0.015200775391860644
Thiruvambadi,Kozhikode,LDF,0.4932276054644414,0.4932276054644414,0.3558787462611993,0.11150797501128788,0.039385654234623264,0.4626990755399068,0.3894165482643681,0.11547367757399722,0.0324106836765471
Kondotty,Malappuram,UDF,0.9999487241109212,9.932042789539964e-07,0.9999487241109212,2.7346347867860757e-05,2.2941487918590546e-05,0.3714592075967327,0.5364552716414134,0.0692154518863149,0.022870072116513165
Eranad,Malappuram,UDF,0.9998586853345235,1.363369326856656e-06,0.9998586853345235,1.720913661276598e-05,0.00012275100754398713,0.3813782900537869,0.5281277497609457,0.0675761837388517,0.022917766909441185
Nilambur,Malappuram,OTHERS,0.8463519995990131,0.000377236378672794,0.1298553552969792,0.023415399754139407,0.8463519995990131,0.300641685227553,0.3053710063298543,0.07678265040930957,0.3172046426196781
Wandoor,Malappuram,UDF,0.9998400688171387,9.043147136233998e-07,0.9998400688171387,4.632871106039863e-05,0.00011270631760487052,0.3476727903277303,0.5716623902320862,0.05997149870607738,0.02069327746211712
Manjeri,Malappuram,UDF,0.9999540567398071,9.59751670999894e-07,0.9999540567398071,3.479783539348524e-05,1.019684938988331e-05,0.36793801790663566,0.5388922671477,0.07015752663595305,0.023012185890623905
Perinthalmanna,Malappuram,UDF,0.9998963236808777,1.2440734111995867e-06,0.9998963236808777,0.00010056138720390498,1.8876109622075577e-06,0.3565944330947483,0.5409818947315216,0.07709220302044255,0.025331481049467433
Mankada,Malappuram,UDF,0.9999296188354492,1.0585183776427402e-06,0.9999296188354492,6.760788133492642e-05,1.7269503172833082e-06,0.3607816969804844,0.541232039531072,0.07385761674735045,0.02412863915646977
Malappuram,Malappuram,UDF,0.9991107980410258,7.223421384476107e-06,0.9991107980410258,1.670066025575787e-05,0.0008653073124698011,0.3959496237997276,0.5147185732920965,0.06581781128384494,0.02351398253355607
Vengara,Malappuram,UDF,0.999560538927714,4.54615513062843e-06,0.999560538927714,1.4612743389457358e-05,0.00042028687382817607,0.39192129889628025,0.5162782539923986,0.06762241565257256,0.024178036517021915
Vallikunnu,Malappuram,UDF,0.9999536037445068,9.655068920588761e-07,0.9999536037445068,3.2129032112889384e-05,1.3323851387200785e-05,0.36901813072157286,0.5382013340791066,0.06982921424030201,0.022951336182200896
Tirurangadi,Malappuram,UDF,0.999946395556132,9.81070694881329e-07,0.999946395556132,4.9256189927001275e-05,3.3719523407337215e-06,0.36396217141785503,0.5407413502534231,0.07184343993337658,0.023453035123321864
Tanur,Malappuram,UDF,0.6767611364498978,0.037715875733768674,0.6767611364498978,0.001481209552299371,0.2840417769765423,0.36971476177374524,0.44897898137569425,0.08981407410478397,0.09149219517106151
Tirur,Malappuram,UDF,0.9999329249064127,1.0420489846822238e-06,0.9999329249064127,6.418337488595845e-05,1.8482514740475068e-06,0.3613177259553292,0.5412004729111989,0.07348548313326235,0.02399632276086404
Kottakkal,Malappuram,UDF,0.9999528487523397,9.708522578348126e-07,0.9999528487523397,3.0731659113092394e-05,1.5477254990264615e-05,0.3696563821447247,0.5377670109272004,0.06965329505803494,0.02292331185230747
Thavanur,Malappuram,UDF,0.6816704964252343,0.044764525790318054,0.6816704964252343,0.0011555298213778542,0.27240944738563067,0.3841462900241216,0.436952402194341,0.08954822919004216,0.08935307759760083
Ponnani,Malappuram,LDF,0.6494018607520654,0.6494018607520654,0.2246678991501972,0.0024238146032930065,0.12350643105872673,0.44084396194666625,0.40210901747147243,0.08580252329500884,0.07124451982792077
Thrithala,Palakkad,UDF,0.5002573950835237,0.10079737033035295,0.5002573950835237,0.3979651611780961,0.000980079055079841,0.41816767255465187,0.37781406823390473,0.17172535839010694,0.03229290111072866
Pattambi,Palakkad,LDF,0.9541267057259878,0.9541267057259878,0.0034565374094795765,0.04192757566816683,0.0004891775041452582,0.5023795187473297,0.3494345193107923,0.12029802507869362,0.027887926234082747
Shornur,Palakkad,LDF,0.999184254805247,0.999184254805247,0.00019375418206267608,0.0005780545006636513,4.394555562768403e-05,0.5351447264353434,0.3366369140955309,0.10544088441493879,0.02277744876531263
Ottappalam,Palakkad,LDF,0.9519629200299581,0.9519629200299581,0.006248390027370476,0.041234985359681224,0.0005537290000066276,0.5012982447942098,0.34430340845137836,0.12464746145611419,0.02975088709705839
Kongad,Palakkad,LDF,0.9981270750363668,0.9981270750363668,0.0016375610985240392,0.0002276178039080281,7.744344435910587e-06,0.5332855363686879,0.3260728186374763,0.11620473614641064,0.024436921830298768
Mannarkkad,Palakkad,NDA,0.8485655601358014,2.8852620983774185e-06,0.15142574668401612,0.8485655601358014,5.830326520106163e-06,0.2861316004069522,0.3247036854426066,0.3711328818226965,0.018031860564375772
Malampuzha,Palakkad,LDF,0.9825638771057129,0.9825638771057129,0.0006221620419956522,0.01663141474820197,0.00018253212939653383,0.48433047235012056,0.38362264251336453,0.10902465469020323,0.02302224721752282
Palakkad,Palakkad,NDA,0.8470024960769204,2.6343929373552687e-06,0.15298943809222293,0.8470024960769204,5.443481243332251e-06,0.28581830088514837,0.3243564671526353,0.3718850559166564,0.01794016581786006
Tarur,Palakkad,LDF,0.9972848812739055,0.9972848812739055,0.002401492925496455,0.00030196281431253095,1.1659101111139977e-05,0.5304380695025126,0.3274252779539287,0.11732448201211261,0.024812166424211076
Chittur,Palakkad,LDF,0.9983383138974508,0.9983383138974508,0.0002748357720293488,0.0013305764052567298,5.6283508556170194e-05,0.49138294557730355,0.38470466612294935,0.10315742257656477,0.020754952659384193
Nenmara,Palakkad,LDF,0.9876365303993225,0.9876365303993225,0.000520109010784132,0.011692234618698198,0.00015112447387519428,0.48476039866606396,0.38483750735564776,0.10785305186469903,0.02254905929294182
Alathur,Palakkad,LDF,0.9985205014546712,0.9985205014546712,0.0004845848243306949,0.0006418531482139167,0.00035307505662892497,0.5344478110472362,0.317935904301703,0.12217686975812296,0.025439431529957802
Chelakkara,Thrissur,LDF,0.9242762327194214,0.9242762327194214,0.02280327866894988,0.05288863152378298,3.18627809413912e-05,0.42573147422323626,0.42605912685394287,0.12538507528899187,0.022824340737878403
Kunnamkulam,Thrissur,LDF,0.8837474073826646,0.8837474073826646,0.04942944053327665,0.06678937756749694,3.3769842480503025e-05,0.4108479742182681,0.4479374090830485,0.11787165900071463,0.02334295530518394
Guruvayoor,Thrissur,UDF,0.6121506208197388,0.30138496455551167,0.6121506208197388,0.08609226998826974,0.0003721525609266076,0.3861379935706888,0.45120416084925336,0.13544185366093492,0.027216000591541462
Manalur,Thrissur,LDF,0.8998944620291393,0.8998944620291393,0.03429465976811722,0.06579734894064095,1.3505433716917997e-05,0.417417629617618,0.4449809769789378,0.11505894934998556,0.022542427987398146
Wadakkanchery,Thrissur,UDF,0.7627818493818874,0.12573086607806483,0.7627818493818874,0.11106986801281285,0.00041740681372066474,0.3760792429714153,0.44896814227104187,0.1461449830249573,0.028807633579526738
Ollur,Thrissur,LDF,0.6406701588667905,0.6406701588667905,0.28749863995520475,0.07162861409650342,0.00020259542574131798,0.39585716453705877,0.45135565201441447,0.12714005353385194,0.025647142549428282
Thrissur,Thrissur,NDA,0.8262905062777767,7.76707725197105e-05,0.1734778167071732,0.8262905062777767,0.00015400459337604967,0.28313427766164145,0.389450333515803,0.30120960672696434,0.026205793188385465
Nattika,Thrissur,LDF,0.9053612972299258,0.9053612972299258,0.03234852725592236,0.06228082125305259,9.36050418720759e-06,0.3896186500477294,0.45048158963521323,0.13541875611208004,0.024481001605070673
Kaipamangalam,Thrissur,LDF,0.8915037117898464,0.8915037117898464,0.04339579250169929,0.06508262621992393,1.786693780089036e-05,0.38264559648620583,0.4535247425238291,0.13871023020585369,0.025119441322817692
Irinjalakuda,Thrissur,NDA,0.6575818036527683,0.0006725727969419066,0.3414210384389397,0.6575818036527683,0.0003246009411524785,0.2943320454408725,0.447482959429423,0.22872958468894164,0.029455402994517498
Puthukkad,Thrissur,LDF,0.8898521671149259,0.8898521671149259,0.04323858658608515,0.06687433423966496,3.492226353345677e-05,0.4063998889633998,0.45014819502830505,0.1197969290847747,0.02365498017357339
Chalakudy,Thrissur,UDF,0.9265166451533635,6.063270447093599e-07,0.9265166451533635,0.07348247615958695,2.93886763535108e-07,0.3276039908329646,0.498428608973821,0.1509478583931923,0.023019540515152433
Kodungallur,Thrissur,LDF,0.82128150928523,0.82128150928523,0.11092699269938748,0.06770688667605622,8.462150827013494e-05,0.4009059659086536,0.4516790012518565,0.12292705735086808,0.024487963842821613
Perumbavoor,Ernakulam,UDF,0.999525499343872,1.0529990403061798e-06,0.999525499343872,0.00047332237047308746,1.2597511933563437e-07,0.3601104545096556,0.5213460703690846,0.10225043720059451,0.016293031483038158
Angamaly,Ernakulam,UDF,0.9999449769655864,1.954529097213933e-06,0.9999449769655864,5.288459809664377e-05,1.7809402794340123e-07,0.3583863253084322,0.5291515707969665,0.0968390001757775,0.015623116891055134
Aluva,Ernakulam,UDF,0.9999529123306274,2.604805117529362e-06,0.9999529123306274,4.4242800783604135e-05,2.3872248530246167e-07,0.3585862468695268,0.5291914204756419,0.09643107121475808,0.015791263398112203
Kalamassery,Ernakulam,LDF,0.8178989470005036,0.8178989470005036,0.17984946330398088,0.0021850145771613446,6.658808738949266e-05,0.41910528462613,0.4717955529689789,0.08979606391435861,0.019303100521210582
Paravur,Ernakulam,UDF,0.9999529957771301,2.6747109656295325e-06,0.9999529957771301,4.410190499681832e-05,2.4495082669555763e-07,0.35861482967933017,0.5291684031486511,0.09640749404377195,0.015809280048368162
Vypin,Ernakulam,LDF,0.5598885387182235,0.5598885387182235,0.41307541960995875,0.0268440650496359,0.00019197539761928653,0.39294172868054983,0.4893179774284363,0.09707246339348785,0.020667828572914004
Kochi,Ernakulam,LDF,0.7383433610200882,0.7383433610200882,0.2497227913668515,0.01182371061758533,0.00011016022925352925,0.40272605811672596,0.4790863573551178,0.09890792575121547,0.019279652422604463
Thripunithura,Ernakulam,UDF,0.9992501020431519,1.050676902757329e-06,0.9992501020431519,0.0007487162251379983,1.3867037413018448e-07,0.36108842492103577,0.5180154740810394,0.10412906993098356,0.016767052693959793
Ernakulam,Ernakulam,UDF,0.9994237462679545,1.5312283219594732e-06,0.9994237462679545,0.0005745550802304914,1.6961132719596252e-07,0.3639292851090431,0.5136249999205271,0.104747626534936,0.01769808492276752
Thrikkakara,Ernakulam,UDF,0.9999277830123902,1.7579438281695575e-06,0.9999277830123902,7.032083923873186e-05,1.4904073764599364e-07,0.3579770047838489,0.5287030398845672,0.097744290279534,0.01557565994777974
Kunnathunad,Ernakulam,UDF,0.6590220547670753,0.2709416139269403,0.6590220547670753,0.0696589730170217,0.000377355624216815,0.361513736192137,0.5056463917096455,0.10334272129352655,0.02949713745644355
Piravom,Ernakulam,UDF,0.9999433239301045,4.1530990070992185e-06,0.9999433239301045,5.218049899658461e-05,3.6018576841459944e-07,0.35929740111654,0.5283744851748149,0.09619411943879917,0.016133994849671277
Muvattupuzha,Ernakulam,UDF,0.9997230688730876,1.1078843394790796e-06,0.9997230688730876,0.00027572608442584615,1.1876328355669407e-07,0.35932228770107033,0.5243094782034556,0.10045877904589323,0.015909462778568913
Kothamangalam,Ernakulam,LDF,0.5365605317056179,0.5365605317056179,0.442551462645982,0.02067903062629739,0.00020898116864240227,0.3923967654739196,0.4921457489331563,0.09324372809360285,0.022213736626630027
Devikulam,Idukki,UDF,0.9414030551910401,0.024381876587187386,0.9414030551910401,0.010917055332658573,0.023298004407903895,0.40818137301054475,0.4624155471722285,0.0945744438142615,0.03482864433414458
Udumbanchola,Idukki,LDF,0.7633829914223791,0.7633829914223791,0.21247078456205296,0.023886822216690147,0.0002594124184380306,0.4933221941362717,0.3931958536307017,0.07871245293419141,0.034769516634939164
Thodupuzha,Idukki,UDF,0.9608537038167317,4.116537621915809e-05,0.9608537038167317,0.0390927153316276,1.2423045306131508e-05,0.35841474414919505,0.5200797528028488,0.10052983599400851,0.0209756594462912
Idukki,Idukki,UDF,0.9695727189381917,0.0006264302887855659,0.9695727189381917,0.028363853142801786,0.001437008307494847,0.41678714553515117,0.4494174192349116,0.09476273715702822,0.039032673648034685
Peerumede,Idukki,UDF,0.9689756552378337,0.0002237832206992844,0.9689756552378337,0.029689451499678537,0.0011111213957652282,0.4028661631047726,0.4588488578796387,0.09963170763818804,0.03865326583909336
Pala,Kottayam,UDF,0.8630457174721717,0.13441071535441249,0.8630457174721717,0.0013816534826877576,0.0011619083055853944,0.3414726018954146,0.4810124635696411,0.13741389850540256,0.040101043198956174
Kaduthuruthy,Kottayam,UDF,0.9996788223584493,9.655996358621093e-07,0.9996788223584493,0.00032015674838400027,5.009051952283717e-08,0.3419769896325306,0.5210603296756744,0.11913912193745282,0.017823549877887975
Vaikom,Kottayam,LDF,0.9226293373232086,0.9226293373232086,0.06411323299642795,0.006356045527981919,0.0069014062390318955,0.46999692072470983,0.39149249978363515,0.11124886096702617,0.027261718087508293
Ettumanoor,Kottayam,LDF,0.6893341347615186,0.6893341347615186,0.3100166649162323,0.0003872706098112596,0.000261921891429757,0.42241215141742333,0.41998699670657513,0.11950795473128632,0.038092913000150476
Kottayam,Kottayam,UDF,0.9998899102210999,3.4291878949583768e-06,0.9998899102210999,0.00010665630032704598,3.3198897806652175e-08,0.3526953193657391,0.5089545647303263,0.12138199212323966,0.016968114583141868
Puthuppally,Kottayam,UDF,0.9997913718223572,1.108795720245862e-06,0.9997913718223572,0.00020749596787249895,3.636547953648487e-08,0.34781902581841373,0.5158769249916076,0.11910451608948792,0.017199544998485788
Changanassery,Kottayam,UDF,0.8805181725571553,0.11097054962738184,0.8805181725571553,0.008064294395692666,0.00044698473244923303,0.3215665328905743,0.487742155790329,0.1496992121287389,0.04099211676317888
Kanjirappally,Kottayam,UDF,0.8763946521367567,0.12075266708488926,0.8763946521367567,0.0018890502479379733,0.0009636256217675647,0.3352038799414004,0.4816311558087667,0.14261847657955481,0.04054646757407075
Poonjar,Kottayam,UDF,0.9998673955599467,2.3321316625983364e-06,0.9998673955599467,0.00013026167710947039,3.243899777470951e-08,0.3446848167780748,0.5142944733301799,0.12367702644619134,0.017343694383695644
Aroor,Alappuzha,UDF,0.5547636551161607,0.43906048089265826,0.5547636551161607,0.005599587007486662,0.0005762855607642929,0.45944454868634543,0.3947930591801802,0.11578311876093608,0.029979247767672253
Cherthala,Alappuzha,UDF,0.5955454724530379,0.3959342579046885,0.5955454724530379,0.00782950070474726,0.0006907480238298902,0.4598944067955017,0.39241743957002956,0.11674895915441538,0.030939198741301275
Alappuzha,Alappuzha,LDF,0.6455679655075073,0.6455679655075073,0.351328638913886,0.0028720713870977,0.00023131603246737316,0.4613795479138692,0.40157587056358657,0.11240309281510198,0.024641496338881554
Ambalappuzha,Alappuzha,LDF,0.7069763824343681,0.7069763824343681,0.2898292786926807,0.003032342444792372,0.00016198138269900945,0.4635093301534653,0.40271433219313624,0.11112392493953015,0.02265240479367397
Kuttanad,Alappuzha,LDF,0.6153878391875575,0.6153878391875575,0.2120776573816935,0.17155233578536505,0.0009821804111046124,0.44664804885784787,0.4031240420105557,0.1235301886528911,0.02669775213471439
Haripad,Alappuzha,UDF,0.9390780866146088,0.0001583236034807897,0.9390780866146088,0.060762739674712546,8.352527317456726e-07,0.3767371777066728,0.4967511107524236,0.10993608572361534,0.016575633581114958
Kayamkulam,Alappuzha,UDF,0.5796937589844068,0.41288092186053593,0.5796937589844068,0.006782185654386316,0.0006431410542698431,0.459670360883077,0.39340789169073104,0.11634346133570071,0.03057830365917956
Mavelikkara,Alappuzha,LDF,0.9795131047566732,0.9795131047566732,0.016989207410586835,5.6946147947742876e-05,0.0034407436228634986,0.49305979410807294,0.3759713530540466,0.10939735932549108,0.021571507201466982
Chengannur,Alappuzha,LDF,0.9094092547893524,0.9094092547893524,0.03741482792488101,0.01234326287760498,0.040832668847737806,0.48135681947072345,0.38424574633439385,0.11009543269346977,0.024302016407386873
Thiruvalla,Pathanamthitta,OTHERS,0.49856300557779226,0.33719973908598794,0.1543856848370467,0.009851590102865989,0.49856300557779226,0.42051698366800944,0.28174423091113565,0.1135299072672581,0.18420886935976644
Ranni,Pathanamthitta,UDF,0.5097246634648248,0.09274685802811292,0.5097246634648248,0.06777603891599332,0.3297524402740237,0.3849820584058762,0.29041830928375323,0.13442558946197114,0.19017404620905534
Aranmula,Pathanamthitta,OTHERS,0.7766761646307118,0.15725416657393226,0.06596971161065758,9.995438864838577e-05,0.7766761646307118,0.3862957981415093,0.25866942157348,0.08988552030478919,0.26514926653932586
Konni,Pathanamthitta,OTHERS,0.8005439540383122,0.12620191436144937,0.07316186135762386,9.227126984104561e-05,0.8005439540383122,0.3624411673595508,0.24022046582152445,0.08228270414050105,0.31505566425094
Adoor,Pathanamthitta,UDF,0.9279331391056379,2.6613608902526603e-05,0.9279331391056379,0.0715068709619171,0.000533376171604479,0.377773679792881,0.45537464718023934,0.13139037614067395,0.03546130032385311
Karunagapally,Kollam,UDF,0.9347796867291133,0.00017621553069287663,0.9347796867291133,0.06498786308535338,5.623421301367459e-05,0.32513787716355486,0.5222609996795654,0.13382918996070037,0.018771946703854306
Chavara,Kollam,UDF,0.8412693959039946,0.10528380843412985,0.8412693959039946,0.05040691729021584,0.00303988609932763,0.37550090650717416,0.40402757277091345,0.18422455759318837,0.0362469686534799
Kunnathur,Kollam,UDF,0.75675459300813,0.23034879657013033,0.75675459300813,0.0024178298998492665,0.010478812761416179,0.43488337281936157,0.4151865043444559,0.11661996765288336,0.03331014621544455
Kottarakkara,Kollam,LDF,0.8069813032944997,0.8069813032944997,0.18811188091422082,0.003995424565750038,0.0009114053334568371,0.3864774459352096,0.45970815420150757,0.12188191295835699,0.03193249311564917
Pathanapuram,Kollam,LDF,0.9838464260101318,0.9838464260101318,0.015215154823494004,0.0007801362536540556,0.00015829411897962293,0.40953712090849875,0.4316476027170817,0.12612610212139164,0.032689179031391784
Punalur,Kollam,LDF,0.9996411681175232,0.9996411681175232,0.00032006943186880274,3.2755185919173544e-05,6.007669321626383e-06,0.44560498516851416,0.43330037395159404,0.09830084682471352,0.022793785457421716
Chadayamangalam,Kollam,LDF,0.9470640659332276,0.9470640659332276,0.05081417991332072,0.001617145941770238,0.0005046324002813254,0.39600986121222376,0.4600705862045288,0.11339211301488679,0.030527419642082047
Kundara,Kollam,UDF,0.9297045429547628,8.723301073202822e-05,0.9297045429547628,0.0702040405136009,4.226776114310216e-06,0.32140830730398495,0.5178375979264577,0.143708026198874,0.017046074690885385
Kollam,Kollam,UDF,0.8207687572343275,0.1349700426508207,0.8207687572343275,0.04142909699777609,0.002832122444185196,0.3750457003712654,0.40875287652015685,0.18053645762753756,0.03566494009616387
Eravipuram,Kollam,LDF,0.9983755230903626,0.9983755230903626,0.001331187586765229,0.00027276993983671677,2.0520565384627896e-05,0.42914859399509925,0.4410270909468333,0.10390669117447639,0.025917623227148093
Chathannoor,Kollam,LDF,0.9912121733029683,0.9912121733029683,0.007826422354149069,0.0007494626740410144,0.00021196317079533826,0.4006606680651506,0.43457348346710206,0.13072835685840498,0.03403750040451996
Varkala,Thiruvananthapuram,LDF,0.947636874516805,0.947636874516805,0.025820272830639014,0.026515532492285127,2.735055676313749e-05,0.41907462098946174,0.3992767582337062,0.15475336437424023,0.026895252578833607
Attingal,Thiruvananthapuram,LDF,0.9998417099316915,0.9998417099316915,0.00012879331253279707,2.8641020981352576e-05,8.661049104739575e-07,0.4893093784650167,0.35230759903788567,0.1329657337201449,0.025417280218380255
Chirayinkeezhu,Thiruvananthapuram,LDF,0.9926205197970073,0.9926205197970073,0.004110702418808103,0.003171142570793051,9.76468211112135e-05,0.5065559109052022,0.3169654939013223,0.14799228860065342,0.02848631163360551
Nedumangad,Thiruvananthapuram,LDF,0.9935227433840433,0.9935227433840433,0.005365196055717162,0.0011079208319956172,4.156498732199215e-06,0.42685245657339693,0.40253380239009856,0.14505160406697543,0.025562150517847233
Vamanapuram,Thiruvananthapuram,LDF,0.4045379806356019,0.4045379806356019,0.36928298327326947,0.22437413208632886,0.0018048858400202738,0.4112114985783895,0.35681108037630715,0.2015921930472056,0.030385241742866734
Kazhakoottam,Thiruvananthapuram,LDF,0.9675719022750855,0.9675719022750855,0.018117569285695752,0.014292717987538117,1.7806817609647105e-05,0.40587765847643215,0.40550729135672253,0.15804555614789326,0.030569510514033026
Vattiyoorkavu,Thiruvananthapuram,LDF,0.91144274075826,0.91144274075826,0.03210467086163741,0.056403343050923385,4.926664270678054e-05,0.40164333060383794,0.40097768704096476,0.16573624362548192,0.03164274989491484
Thiruvananthapuram,Thiruvananthapuram,NDA,0.8261091376344363,0.020838713554451046,0.15295256185088063,0.8261091376344363,9.957878403213376e-05,0.3245890686909358,0.31942497988541924,0.32681379914283754,0.029172148824242565
Nemom,Thiruvananthapuram,NDA,0.8954880307118098,0.0007900358247385073,0.09691410905871317,0.8954880307118098,0.006807827505946216,0.29452541172504426,0.2858821966685355,0.39692633879397615,0.022666012831602227
Aruvikkara,Thiruvananthapuram,NDA,0.8061626307666302,0.025493345900664495,0.16816817104840437,0.8061626307666302,0.00017583841947129932,0.33821109533309934,0.345301162203153,0.28604239175717033,0.03044533052064556
Parassala,Thiruvananthapuram,LDF,0.9958135763804118,0.9958135763804118,0.003565857574780659,0.0006176071588410826,2.9655630748648703e-06,0.4301841221128901,0.40217805206775664,0.14253865114490813,0.025099187990175173
Kattakada,Thiruvananthapuram,LDF,0.9804296135902405,0.9804296135902405,0.013188705266985744,0.006370564087500234,1.110452660282953e-05,0.411380905782183,0.40598940551280976,0.15384695089111725,0.02878273030364653
Kovalam,Thiruvananthapuram,UDF,0.8008218663434188,0.00011719805530418514,0.8008218663434188,0.1990473624142055,1.3576682330650701e-05,0.3563421740274256,0.44212143222490946,0.18160208318489215,0.019934320332140487
Neyyattinkara,Thiruvananthapuram,LDF,0.8326103401680788,0.8326103401680788,0.06928267316829041,0.09792509649496477,0.00018189548397965223,0.41441988994677864,0.3936869502067566,0.16382547666629155,0.028067688693408855
