constituency,district,is_reserved,winner_2016,winner_2021,runner_up_2021,winner_name_2021,margin_pct_2021,vote_share_2021,ls2024_winner,ls2024_udf_pct,ls2024_ldf_pct,ls2024_nda_pct,lb2025_udf,lb2025_ldf,lb2025_nda,proj_2026_ldf_pct,proj_2026_udf_pct,proj_2026_nda_pct,proj_2026_others_pct,proj_2026_winner,proj_2026_margin_pct,fin_crisis_impact,wildlife_conflict_impact,population_density,literacy_rate,urban_pct,hindu_pct,muslim_pct,christian_pct
Manjeshwaram,Kasaragod,0,UDF,UDF,LDF,A.K.M. Ashraf,0.0057,0.5028,UDF,0.441,0.3506,0.1984,0.42,0.38,0.18,0.3762,0.4409,0.159,0.0239,UDF,0.0647,0.6,0.0,654,89.85,29.6,58.5,36.5,4.5
Kasaragod,Kasaragod,0,UDF,UDF,LDF,N.A. Nellikkunnu,0.1135,0.5567,UDF,0.441,0.3506,0.1984,0.42,0.38,0.18,0.3512,0.5126,0.1148,0.0214,UDF,0.1615,0.6,0.0,654,89.85,29.6,58.5,36.5,4.5
Udma,Kasaragod,0,LDF,LDF,UDF,C.H. Kunhambu,0.0925,0.5463,UDF,0.441,0.3506,0.1984,0.42,0.38,0.18,0.4492,0.4339,0.1001,0.0167,LDF,0.0153,0.6,0.0,654,89.85,29.6,58.5,36.5,4.5
Kanhangad,Kasaragod,0,LDF,LDF,UDF,E. Chandrasekharan,0.191,0.5955,UDF,0.441,0.3506,0.1984,0.42,0.38,0.18,0.52,0.3702,0.0929,0.0169,LDF,0.1498,0.6,0.0,654,89.85,29.6,58.5,36.5,4.5
Thrikkaripur,Kasaragod,0,LDF,LDF,UDF,M. Rajagopal,0.1788,0.5894,UDF,0.441,0.3506,0.1984,0.42,0.38,0.18,0.491,0.3977,0.0982,0.0131,LDF,0.0933,0.6,0.0,654,89.85,29.6,58.5,36.5,4.5
Payyannur,Kannur,0,LDF,LDF,UDF,T.I. Madhusoothanan,0.3464,0.652,UDF,0.4874,0.385,0.1127,0.38,0.52,0.08,0.6069,0.3065,0.073,0.0137,LDF,0.3004,0.6,0.0,852,95.41,35.3,59.0,32.0,8.5
Kalliasseri,Kannur,0,LDF,LDF,UDF,M. Vijin,0.3211,0.6383,UDF,0.4874,0.385,0.1127,0.38,0.52,0.08,0.584,0.3297,0.0649,0.0213,LDF,0.2543,0.6,0.0,852,95.41,35.3,59.0,32.0,8.5
Thalassery,Kannur,0,LDF,LDF,UDF,A.N. Shamseer,0.2792,0.6207,UDF,0.4874,0.385,0.1127,0.38,0.52,0.08,0.5595,0.3449,0.0686,0.027,LDF,0.2146,0.6,0.0,852,95.41,35.3,59.0,32.0,8.5
Dharmadom,Kannur,0,LDF,LDF,UDF,Pinarayi Vijayan,0.3444,0.6564,UDF,0.4874,0.385,0.1127,0.38,0.52,0.08,0.5998,0.3058,0.0799,0.0146,LDF,0.294,0.6,0.0,852,95.41,35.3,59.0,32.0,8.5
Thaliparamba,Kannur,0,LDF,LDF,UDF,M.V. Govindan,0.1392,0.5696,UDF,0.4874,0.385,0.1127,0.38,0.52,0.08,0.5127,0.4056,0.0615,0.0201,LDF,0.1071,0.6,0.0,852,95.41,35.3,59.0,32.0,8.5
Irikkur,Kannur,0,UDF,UDF,LDF,Sajeev Joseph,0.0697,0.5349,UDF,0.4874,0.385,0.1127,0.38,0.52,0.08,0.402,0.5119,0.0687,0.0174,UDF,0.1099,0.6,0.0,852,95.41,35.3,59.0,32.0,8.5
Azhikode,Kannur,0,LDF,LDF,UDF,K.V. Sumesh,0.049,0.5245,UDF,0.4874,0.385,0.1127,0.38,0.52,0.08,0.446,0.4621,0.0683,0.0236,UDF,0.0161,0.6,0.0,852,95.41,35.3,59.0,32.0,8.5
Kannur,Kannur,0,LDF,LDF,UDF,Kadannappalli Ramachandran,0.0147,0.5073,UDF,0.4965,0.3945,0.0998,0.38,0.52,0.08,0.4503,0.463,0.0692,0.0175,UDF,0.0127,0.6,0.0,852,95.41,35.3,59.0,32.0,8.5
Kuthuparamba,Kannur,0,LDF,LDF,UDF,K.P. Mohanan,0.0724,0.5362,UDF,0.4965,0.3945,0.0998,0.38,0.52,0.08,0.4529,0.452,0.073,0.0222,LDF,0.0009,0.6,0.0,852,95.41,35.3,59.0,32.0,8.5
Mattannur,Kannur,0,LDF,LDF,UDF,K.K. Shailaja,0.4172,0.6578,UDF,0.4965,0.3945,0.0998,0.38,0.52,0.08,0.6154,0.257,0.1038,0.0239,LDF,0.3584,0.6,0.0,852,95.41,35.3,59.0,32.0,8.5
Peravoor,Kannur,0,UDF,UDF,LDF,Sunny Joseph,0.0244,0.5122,UDF,0.4965,0.3945,0.0998,0.38,0.52,0.08,0.4241,0.5037,0.0579,0.0143,UDF,0.0796,0.6,0.0,852,95.41,35.3,59.0,32.0,8.5
Mananthavady,Wayanad,1,LDF,LDF,UDF,O.R. Kelu,0.0668,0.5334,UDF,0.5969,0.2609,0.1304,0.48,0.4,0.1,0.4346,0.4688,0.0745,0.0222,UDF,0.0342,0.5,0.95,383,89.03,3.9,49.5,28.7,21.3
Sulthan Bathery,Wayanad,1,UDF,UDF,LDF,I.C. Balakrishnan,0.0767,0.5383,UDF,0.5969,0.2609,0.1304,0.48,0.4,0.1,0.3724,0.5231,0.0797,0.0248,UDF,0.1507,0.5,0.95,383,89.03,3.9,49.5,28.7,21.3
Kalpetta,Wayanad,0,UDF,UDF,LDF,T. Siddique,0.0396,0.5198,UDF,0.5969,0.2609,0.1304,0.48,0.4,0.1,0.3869,0.5348,0.0563,0.0221,UDF,0.1479,0.5,0.95,383,89.03,3.9,49.5,28.7,21.3
Vatakara,Kozhikode,0,LDF,LDF,UDF,K.K. Rema,0.0611,0.5305,UDF,0.4965,0.3945,0.0998,0.4,0.48,0.1,0.4622,0.4598,0.067,0.0109,LDF,0.0024,0.7,0.0,1318,96.08,50.3,56.2,39.2,4.3
Kuttiady,Kozhikode,0,LDF,LDF,UDF,K.P. Kunhahammed Kutty,0.0021,0.501,UDF,0.4965,0.3945,0.0998,0.4,0.48,0.1,0.4215,0.4854,0.0766,0.0165,UDF,0.0638,0.7,0.0,1318,96.08,50.3,56.2,39.2,4.3
Nadapuram,Kozhikode,0,LDF,LDF,UDF,E.K. Vijayan,0.0215,0.5108,UDF,0.4965,0.3945,0.0998,0.4,0.48,0.1,0.4315,0.4748,0.0735,0.0202,UDF,0.0434,0.7,0.0,1318,96.08,50.3,56.2,39.2,4.3
Koyilandy,Kozhikode,0,LDF,LDF,UDF,Kanathil Jameela,0.0593,0.5297,UDF,0.4774,0.3433,0.1656,0.4,0.48,0.1,0.4332,0.4544,0.09,0.0224,UDF,0.0212,0.7,0.0,1318,96.08,50.3,56.2,39.2,4.3
Perambra,Kozhikode,0,LDF,LDF,UDF,T.P. Ramakrishnan,0.1512,0.5756,UDF,0.4774,0.3433,0.1656,0.4,0.48,0.1,0.4862,0.4123,0.0884,0.0131,LDF,0.0739,0.7,0.0,1318,96.08,50.3,56.2,39.2,4.3
Balusseri,Kozhikode,1,LDF,LDF,UDF,K.M. Sachin Dev,0.1247,0.5624,UDF,0.4774,0.3433,0.1656,0.4,0.48,0.1,0.4728,0.4205,0.0892,0.0176,LDF,0.0523,0.7,0.0,1318,96.08,50.3,56.2,39.2,4.3
Elathur,Kozhikode,0,LDF,LDF,UDF,A.K. Saseendran,0.2881,0.6259,UDF,0.4774,0.3433,0.1656,0.4,0.48,0.1,0.5481,0.3427,0.0927,0.0165,LDF,0.2053,0.7,0.0,1318,96.08,50.3,56.2,39.2,4.3
Kozhikode North,Kozhikode,0,LDF,LDF,UDF,Thottathil Raveendran,0.1185,0.5418,UDF,0.4774,0.3433,0.1656,0.4,0.48,0.1,0.4575,0.4171,0.1058,0.0196,LDF,0.0403,0.7,0.0,1318,96.08,50.3,56.2,39.2,4.3
Kozhikode South,Kozhikode,0,LDF,LDF,UDF,Ahamed Devarkovil,0.1215,0.5125,UDF,0.4774,0.3433,0.1656,0.4,0.48,0.1,0.4662,0.4059,0.1081,0.0198,LDF,0.0603,0.7,0.0,1318,96.08,50.3,56.2,39.2,4.3
Beypore,Kozhikode,0,LDF,LDF,UDF,P.A. Mohammed Riyas,0.212,0.606,UDF,0.4774,0.3433,0.1656,0.4,0.48,0.1,0.4984,0.3968,0.0856,0.0193,LDF,0.1016,0.7,0.0,1318,96.08,50.3,56.2,39.2,4.3
Kunnamangalam,Kozhikode,0,UDF,LDF,UDF,P.T.A. Rahim,0.0642,0.5321,UDF,0.5481,0.3184,0.1215,0.4,0.48,0.1,0.454,0.4413,0.0829,0.0218,LDF,0.0127,0.7,0.0,1318,96.08,50.3,56.2,39.2,4.3
Koduvally,Kozhikode,0,UDF,UDF,LDF,M.K. Muneer,0.0459,0.5229,UDF,0.4774,0.3433,0.1656,0.4,0.48,0.1,0.4003,0.4863,0.1005,0.013,UDF,0.086,0.7,0.0,1318,96.08,50.3,56.2,39.2,4.3
Thiruvambadi,Kozhikode,0,UDF,LDF,UDF,Linto Joseph,0.0354,0.5177,UDF,0.5969,0.2609,0.1304,0.4,0.48,0.1,0.4349,0.4816,0.0674,0.0161,UDF,0.0467,0.7,0.0,1318,96.08,50.3,56.2,39.2,4.3
Kondotty,Malappuram,0,UDF,UDF,LDF,T.V. Ibrahim,0.1235,0.5617,UDF,0.5935,0.3169,0.0785,0.65,0.28,0.05,0.3865,0.548,0.0461,0.0194,UDF,0.1615,0.6,0.0,1157,93.57,19.8,27.5,70.2,2.0
Eranad,Malappuram,0,UDF,UDF,LDF,P.K. Basheer,0.1687,0.5844,UDF,0.5969,0.2609,0.1304,0.65,0.28,0.05,0.3367,0.5683,0.07,0.0251,UDF,0.2316,0.6,0.0,1157,93.57,19.8,27.5,70.2,2.0
Nilambur,Malappuram,0,UDF,LDF,UDF,P.V. Anvar,0.0169,0.5085,UDF,0.5969,0.2609,0.1304,0.65,0.28,0.05,0.2735,0.4409,0.079,0.2066,UDF,0.1674,0.6,0.0,1157,93.57,19.8,27.5,70.2,2.0
Wandoor,Malappuram,1,UDF,UDF,LDF,A.P. Anil Kumar,0.0977,0.5489,UDF,0.5969,0.2609,0.1304,0.65,0.28,0.05,0.3802,0.5371,0.0635,0.0193,UDF,0.1569,0.6,0.0,1157,93.57,19.8,27.5,70.2,2.0
Manjeri,Malappuram,0,UDF,UDF,LDF,U.A. Latheef,0.1018,0.5509,UDF,0.5935,0.3169,0.0785,0.65,0.28,0.05,0.3931,0.5455,0.0479,0.0135,UDF,0.1524,0.6,0.0,1157,93.57,19.8,27.5,70.2,2.0
Perinthalmanna,Malappuram,0,UDF,UDF,LDF,Najeeb Kanthapuram,0.0002,0.5001,UDF,0.5935,0.3169,0.0785,0.65,0.28,0.05,0.4371,0.4841,0.0589,0.0199,UDF,0.047,0.6,0.0,1157,93.57,19.8,27.5,70.2,2.0
Mankada,Malappuram,0,UDF,UDF,LDF,Manjalamkuzhi Ali,0.039,0.5195,UDF,0.5935,0.3169,0.0785,0.65,0.28,0.05,0.4127,0.5109,0.0604,0.016,UDF,0.0982,0.6,0.0,1157,93.57,19.8,27.5,70.2,2.0
Malappuram,Malappuram,0,UDF,UDF,LDF,P. Ubaidulla,0.233,0.6165,UDF,0.5935,0.3169,0.0785,0.65,0.28,0.05,0.3424,0.5894,0.0472,0.021,UDF,0.247,0.6,0.0,1157,93.57,19.8,27.5,70.2,2.0
Vengara,Malappuram,0,UDF,UDF,LDF,P.K. Kunhalikutty,0.2539,0.584,UDF,0.5935,0.3169,0.0785,0.65,0.28,0.05,0.284,0.6056,0.0939,0.0164,UDF,0.3216,0.6,0.0,1157,93.57,19.8,27.5,70.2,2.0
Vallikunnu,Malappuram,0,UDF,UDF,LDF,P. Abdul Hameed,0.109,0.5545,UDF,0.5935,0.3169,0.0785,0.65,0.28,0.05,0.3853,0.5268,0.0623,0.0256,UDF,0.1415,0.6,0.0,1157,93.57,19.8,27.5,70.2,2.0
Tirurangadi,Malappuram,0,UDF,UDF,LDF,K.P.A. Majeed,0.0697,0.5348,UDF,0.5481,0.3184,0.1215,0.65,0.28,0.05,0.4008,0.5155,0.0679,0.0158,UDF,0.1147,0.6,0.0,1157,93.57,19.8,27.5,70.2,2.0
Tanur,Malappuram,0,LDF,LDF,UDF,V. Abdurahman,0.007,0.5035,UDF,0.5481,0.3184,0.1215,0.65,0.28,0.05,0.426,0.4771,0.075,0.0218,UDF,0.051,0.6,0.0,1157,93.57,19.8,27.5,70.2,2.0
Tirur,Malappuram,0,UDF,UDF,LDF,Kurukkoli Moideen,0.0441,0.5221,UDF,0.5481,0.3184,0.1215,0.65,0.28,0.05,0.3965,0.5052,0.0695,0.0288,UDF,0.1087,0.6,0.0,1157,93.57,19.8,27.5,70.2,2.0
Kottakkal,Malappuram,0,UDF,UDF,LDF,K.K. Abid Hussain Thangal,0.113,0.5565,UDF,0.5481,0.3184,0.1215,0.65,0.28,0.05,0.3857,0.5279,0.0655,0.0208,UDF,0.1422,0.6,0.0,1157,93.57,19.8,27.5,70.2,2.0
Thavanur,Malappuram,0,LDF,LDF,UDF,K.T. Jaleel,0.0186,0.5093,UDF,0.5481,0.3184,0.1215,0.65,0.28,0.05,0.4294,0.4759,0.0766,0.0182,UDF,0.0465,0.6,0.0,1157,93.57,19.8,27.5,70.2,2.0
Ponnani,Malappuram,0,LDF,LDF,UDF,P. Nandakumar,0.1288,0.5644,UDF,0.5481,0.3184,0.1215,0.65,0.28,0.05,0.4915,0.4138,0.072,0.0228,LDF,0.0776,0.6,0.0,1157,93.57,19.8,27.5,70.2,2.0
Thrithala,Palakkad,0,UDF,LDF,UDF,M.B. Rajesh,0.0221,0.511,UDF,0.4066,0.3339,0.2431,0.36,0.42,0.2,0.4129,0.4444,0.1225,0.0202,UDF,0.0315,0.7,0.0,627,88.49,24.8,62.5,28.0,6.5
Pattambi,Palakkad,0,LDF,LDF,UDF,Muhammed Muhsin,0.1355,0.5678,UDF,0.4066,0.3339,0.2431,0.36,0.42,0.2,0.4539,0.41,0.122,0.014,LDF,0.0439,0.7,0.0,627,88.49,24.8,62.5,28.0,6.5
Shornur,Palakkad,0,LDF,LDF,UDF,P. Mammikutty,0.2948,0.5981,UDF,0.4066,0.3339,0.2431,0.36,0.42,0.2,0.5135,0.3037,0.1597,0.0231,LDF,0.2098,0.7,0.0,627,88.49,24.8,62.5,28.0,6.5
Ottappalam,Palakkad,0,LDF,LDF,UDF,K. Premkumar,0.1126,0.5563,UDF,0.4066,0.3339,0.2431,0.36,0.42,0.2,0.4411,0.4111,0.1268,0.0209,LDF,0.0301,0.7,0.0,627,88.49,24.8,62.5,28.0,6.5
Kongad,Palakkad,1,LDF,LDF,UDF,K. Shanthakumari,0.2309,0.5758,UDF,0.4066,0.3339,0.2431,0.36,0.42,0.2,0.4725,0.3658,0.1392,0.0225,LDF,0.1067,0.7,0.0,627,88.49,24.8,62.5,28.0,6.5
Mannarkkad,Palakkad,0,UDF,UDF,LDF,N. Shamsudheen,0.0427,0.5214,UDF,0.4066,0.3339,0.2431,0.36,0.42,0.2,0.3805,0.4833,0.1152,0.021,UDF,0.1027,0.7,0.0,627,88.49,24.8,62.5,28.0,6.5
Malampuzha,Palakkad,0,LDF,LDF,UDF,A. Prabhakaran,0.204,0.602,UDF,0.4066,0.3339,0.2431,0.36,0.42,0.2,0.4665,0.361,0.1536,0.0188,LDF,0.1055,0.7,0.0,627,88.49,24.8,62.5,28.0,6.5
Palakkad,Palakkad,0,UDF,UDF,LDF,Shafi Parambil,0.037,0.5185,LDF,0.3863,0.4066,0.1897,0.36,0.42,0.2,0.3267,0.4029,0.2593,0.0111,UDF,0.0763,0.7,0.0,627,88.49,24.8,62.5,28.0,6.5
Tarur,Palakkad,1,LDF,LDF,UDF,P.P. Sumod,0.2083,0.5753,LDF,0.3863,0.4066,0.1897,0.36,0.42,0.2,0.4949,0.3796,0.1105,0.0151,LDF,0.1153,0.7,0.0,627,88.49,24.8,62.5,28.0,6.5
Chittur,Palakkad,0,LDF,LDF,UDF,K. Krishnankutty,0.2501,0.625,LDF,0.3863,0.4066,0.1897,0.36,0.42,0.2,0.4843,0.3477,0.1489,0.0192,LDF,0.1366,0.7,0.0,627,88.49,24.8,62.5,28.0,6.5
Nenmara,Palakkad,0,LDF,LDF,UDF,K. Babu,0.2123,0.6062,LDF,0.3863,0.4066,0.1897,0.36,0.42,0.2,0.5003,0.3623,0.1166,0.0208,LDF,0.1379,0.7,0.0,627,88.49,24.8,62.5,28.0,6.5
Alathur,Palakkad,0,UDF,LDF,UDF,K.D. Prasenan,0.2737,0.5989,LDF,0.3863,0.4066,0.1897,0.36,0.42,0.2,0.5177,0.3401,0.1188,0.0235,LDF,0.1776,0.7,0.0,627,88.49,24.8,62.5,28.0,6.5
Chelakkara,Thrissur,1,LDF,LDF,UDF,K. Radhakrishnan,0.2953,0.6252,LDF,0.3863,0.4066,0.1897,0.32,0.45,0.21,0.4898,0.3753,0.1118,0.0232,LDF,0.1145,0.8,0.0,1026,95.08,40.5,58.0,14.5,27.0
Kunnamkulam,Thrissur,0,LDF,LDF,UDF,A.C. Moideen,0.2121,0.6017,LDF,0.3863,0.4066,0.1897,0.32,0.45,0.21,0.4551,0.4257,0.1024,0.0168,LDF,0.0294,0.8,0.0,1026,95.08,40.5,58.0,14.5,27.0
Guruvayoor,Thrissur,0,LDF,LDF,UDF,N.K. Akbar,0.1344,0.5672,NDA,0.3035,0.3095,0.378,0.32,0.45,0.21,0.3954,0.426,0.157,0.0217,UDF,0.0306,0.8,0.0,1026,95.08,40.5,58.0,14.5,27.0
Manalur,Thrissur,0,LDF,LDF,UDF,Murali Perunelly,0.2328,0.6104,NDA,0.3035,0.3095,0.378,0.32,0.45,0.21,0.4414,0.3861,0.1562,0.0163,LDF,0.0554,0.8,0.0,1026,95.08,40.5,58.0,14.5,27.0
Wadakkanchery,Thrissur,0,LDF,LDF,UDF,Xavier Chittilappilly,0.1033,0.5516,NDA,0.3035,0.3095,0.378,0.32,0.45,0.21,0.3676,0.4227,0.1886,0.0212,UDF,0.0551,0.8,0.0,1026,95.08,40.5,58.0,14.5,27.0
Ollur,Thrissur,0,LDF,LDF,UDF,K. Rajan,0.1632,0.5816,NDA,0.3035,0.3095,0.378,0.32,0.45,0.21,0.3899,0.4265,0.1687,0.0149,UDF,0.0366,0.8,0.0,1026,95.08,40.5,58.0,14.5,27.0
Thrissur,Thrissur,0,UDF,LDF,UDF,P. Balachandran,0.01,0.4696,NDA,0.3035,0.3095,0.378,0.32,0.45,0.21,0.2007,0.3896,0.3971,0.0126,NDA,0.0075,0.8,0.0,1026,95.08,40.5,58.0,14.5,27.0
Nattika,Thrissur,1,LDF,LDF,UDF,C.C. Mukundan,0.2313,0.5933,NDA,0.3035,0.3095,0.378,0.32,0.45,0.21,0.4008,0.3703,0.2156,0.0133,LDF,0.0305,0.8,0.0,1026,95.08,40.5,58.0,14.5,27.0
Kaipamangalam,Thrissur,1,LDF,LDF,UDF,E.T. Taison,0.1836,0.5918,NDA,0.3035,0.3095,0.378,0.32,0.45,0.21,0.3945,0.3902,0.1953,0.0199,LDF,0.0043,0.8,0.0,1026,95.08,40.5,58.0,14.5,27.0
Irinjalakuda,Thrissur,0,UDF,LDF,UDF,R. Bindu,0.05,0.525,UDF,0.4144,0.3473,0.1125,0.32,0.45,0.21,0.4035,0.5036,0.0754,0.0176,UDF,0.1001,0.8,0.0,1026,95.08,40.5,58.0,14.5,27.0
Puthukkad,Thrissur,0,LDF,LDF,UDF,K.K. Ramachandran,0.2217,0.5947,UDF,0.4144,0.3473,0.1125,0.32,0.45,0.21,0.473,0.4246,0.0879,0.0144,LDF,0.0484,0.8,0.0,1026,95.08,40.5,58.0,14.5,27.0
Chalakudy,Thrissur,0,UDF,UDF,LDF,T.J. Saneesh Kumar Joseph,0.0086,0.5043,UDF,0.4144,0.3473,0.1125,0.32,0.45,0.21,0.3952,0.5106,0.0729,0.0213,UDF,0.1153,0.8,0.0,1026,95.08,40.5,58.0,14.5,27.0
Kodungallur,Thrissur,0,LDF,LDF,UDF,V.R. Sunil Kumar,0.1967,0.5883,UDF,0.4144,0.3473,0.1125,0.32,0.45,0.21,0.4749,0.4328,0.0747,0.0175,LDF,0.0421,0.8,0.0,1026,95.08,40.5,58.0,14.5,27.0
Perumbavoor,Ernakulam,0,UDF,UDF,LDF,Eldhose Kunnappilly,0.0279,0.5139,UDF,0.4144,0.3473,0.1125,0.5,0.35,0.13,0.3953,0.5149,0.0739,0.016,UDF,0.1196,0.9,0.0,1069,95.89,68.1,52.5,15.5,31.5
Angamaly,Ernakulam,0,UDF,UDF,LDF,Roji M. John,0.1252,0.5626,UDF,0.4144,0.3473,0.1125,0.5,0.35,0.13,0.3602,0.543,0.076,0.0208,UDF,0.1827,0.9,0.0,1069,95.89,68.1,52.5,15.5,31.5
Aluva,Ernakulam,0,UDF,UDF,LDF,Anwar Sadath,0.1469,0.5735,UDF,0.4144,0.3473,0.1125,0.5,0.35,0.13,0.3406,0.5601,0.0779,0.0214,UDF,0.2196,0.9,0.0,1069,95.89,68.1,52.5,15.5,31.5
Kalamassery,Ernakulam,0,LDF,LDF,UDF,P. Rajeev,0.1104,0.5552,UDF,0.5297,0.2547,0.1595,0.5,0.35,0.13,0.4538,0.4322,0.0978,0.0162,LDF,0.0216,0.9,0.0,1069,95.89,68.1,52.5,15.5,31.5
Paravur,Ernakulam,0,UDF,UDF,LDF,V.D. Satheesan,0.1487,0.5744,UDF,0.5297,0.2547,0.1595,0.5,0.35,0.13,0.3414,0.5496,0.0861,0.0229,UDF,0.2082,0.9,0.0,1069,95.89,68.1,52.5,15.5,31.5
Vypin,Ernakulam,0,LDF,LDF,UDF,K.N. Unnikrishnan,0.079,0.5186,UDF,0.5297,0.2547,0.1595,0.5,0.35,0.13,0.4379,0.4437,0.0995,0.019,UDF,0.0058,0.9,0.0,1069,95.89,68.1,52.5,15.5,31.5
Kochi,Ernakulam,0,LDF,LDF,UDF,K.J. Maxi,0.1346,0.5221,UDF,0.5297,0.2547,0.1595,0.5,0.35,0.13,0.4627,0.3995,0.1189,0.019,LDF,0.0632,0.9,0.0,1069,95.89,68.1,52.5,15.5,31.5
Thripunithura,Ernakulam,0,UDF,UDF,LDF,K. Babu,0.0076,0.5038,UDF,0.5297,0.2547,0.1595,0.5,0.35,0.13,0.4002,0.492,0.0811,0.0268,UDF,0.0918,0.9,0.0,1069,95.89,68.1,52.5,15.5,31.5
Ernakulam,Ernakulam,0,UDF,UDF,LDF,T.J. Vinod,0.115,0.4758,UDF,0.5297,0.2547,0.1595,0.5,0.35,0.13,0.3058,0.4961,0.1748,0.0234,UDF,0.1903,0.9,0.0,1069,95.89,68.1,52.5,15.5,31.5
Thrikkakara,Ernakulam,0,UDF,UDF,LDF,P.T. Thomas,0.1305,0.5448,UDF,0.5297,0.2547,0.1595,0.5,0.35,0.13,0.3431,0.5504,0.0908,0.0157,UDF,0.2072,0.9,0.0,1069,95.89,68.1,52.5,15.5,31.5
Kunnathunad,Ernakulam,1,LDF,LDF,UDF,P.V. Sreejin,0.0265,0.5115,UDF,0.5143,0.3553,0.1088,0.5,0.35,0.13,0.4306,0.4731,0.0779,0.0183,UDF,0.0425,0.9,0.0,1069,95.89,68.1,52.5,15.5,31.5
Piravom,Ernakulam,0,UDF,UDF,LDF,Anoop Jacob,0.1752,0.5876,UDF,0.5143,0.3553,0.1088,0.5,0.35,0.13,0.3295,0.5796,0.0742,0.0167,UDF,0.2501,0.9,0.0,1069,95.89,68.1,52.5,15.5,31.5
Muvattupuzha,Ernakulam,0,UDF,UDF,LDF,Mathew Kuzhalnadan,0.0502,0.5251,UDF,0.5143,0.3553,0.1088,0.5,0.35,0.13,0.3868,0.524,0.0724,0.0169,UDF,0.1372,0.9,0.0,1069,95.89,68.1,52.5,15.5,31.5
Kothamangalam,Ernakulam,0,LDF,LDF,UDF,Antony John,0.0542,0.5271,UDF,0.5143,0.3553,0.1088,0.5,0.35,0.13,0.4463,0.4808,0.0595,0.0134,UDF,0.0345,0.9,0.0,1069,95.89,68.1,52.5,15.5,31.5
Devikulam,Idukki,1,LDF,LDF,UDF,A. Raja,0.0712,0.5356,UDF,0.5143,0.3553,0.1088,0.5,0.35,0.13,0.4378,0.4646,0.0727,0.0248,UDF,0.0268,0.5,0.9,254,91.99,4.6,52.0,10.0,37.5
Udumbanchola,Idukki,0,LDF,LDF,UDF,M.M. Mani,0.3007,0.6075,UDF,0.5143,0.3553,0.1088,0.5,0.35,0.13,0.5549,0.3348,0.0946,0.0158,LDF,0.2201,0.5,0.9,254,91.99,4.6,52.0,10.0,37.5
Thodupuzha,Idukki,0,UDF,UDF,LDF,P.J. Joseph,0.1724,0.5744,UDF,0.5143,0.3553,0.1088,0.5,0.35,0.13,0.328,0.5815,0.0745,0.016,UDF,0.2535,0.5,0.9,254,91.99,4.6,52.0,10.0,37.5
Idukki,Idukki,0,UDF,LDF,UDF,Roshy Augustine,0.0468,0.5234,UDF,0.436,0.3317,0.1974,0.5,0.35,0.13,0.4104,0.4708,0.099,0.0197,UDF,0.0604,0.5,0.9,254,91.99,4.6,52.0,10.0,37.5
Peerumede,Idukki,0,UDF,LDF,UDF,Vazhoor Soman,0.0155,0.5077,UDF,0.436,0.3317,0.1974,0.5,0.35,0.13,0.4061,0.4716,0.1036,0.0186,UDF,0.0655,0.5,0.9,254,91.99,4.6,52.0,10.0,37.5
Pala,Kottayam,0,UDF,LDF,UDF,Mani C. Kappan,0.1239,0.5619,UDF,0.436,0.3317,0.1974,0.58,0.28,0.12,0.3904,0.4319,0.1016,0.0761,UDF,0.0415,0.8,0.0,896,97.21,28.3,49.8,6.4,43.5
Kaduthuruthy,Kottayam,0,UDF,UDF,LDF,Monce Joseph,0.037,0.5185,UDF,0.436,0.3317,0.1974,0.58,0.28,0.12,0.3577,0.5122,0.1151,0.0151,UDF,0.1545,0.8,0.0,896,97.21,28.3,49.8,6.4,43.5
Vaikom,Kottayam,1,LDF,LDF,UDF,C.K. Asha,0.2399,0.5881,UDF,0.436,0.3317,0.1974,0.58,0.28,0.12,0.4789,0.3748,0.1302,0.0161,LDF,0.1041,0.8,0.0,896,97.21,28.3,49.8,6.4,43.5
Ettumanoor,Kottayam,0,LDF,LDF,UDF,V.N. Vasavan,0.1321,0.5383,UDF,0.436,0.3317,0.1974,0.58,0.28,0.12,0.4361,0.4478,0.0978,0.0183,UDF,0.0117,0.8,0.0,896,97.21,28.3,49.8,6.4,43.5
Kottayam,Kottayam,0,UDF,UDF,LDF,Thiruvanchoor Radhakrishnan,0.1624,0.5667,UDF,0.436,0.3317,0.1974,0.58,0.28,0.12,0.2812,0.584,0.1081,0.0267,UDF,0.3027,0.8,0.0,896,97.21,28.3,49.8,6.4,43.5
Puthuppally,Kottayam,0,UDF,UDF,LDF,Oommen Chandy,0.0768,0.5384,UDF,0.3821,0.3221,0.283,0.58,0.28,0.12,0.3311,0.5218,0.1266,0.0206,UDF,0.1907,0.8,0.0,896,97.21,28.3,49.8,6.4,43.5
Changanassery,Kottayam,0,UDF,LDF,UDF,Job Michael,0.0575,0.5257,UDF,0.3821,0.3221,0.283,0.58,0.28,0.12,0.3604,0.4811,0.1419,0.0166,UDF,0.1206,0.8,0.0,896,97.21,28.3,49.8,6.4,43.5
Kanjirappally,Kottayam,0,UDF,LDF,UDF,N. Jayaraj,0.1242,0.5467,UDF,0.3821,0.3221,0.283,0.58,0.28,0.12,0.3899,0.4493,0.1367,0.0241,UDF,0.0594,0.8,0.0,896,97.21,28.3,49.8,6.4,43.5
Poonjar,Kottayam,0,UDF,UDF,LDF,Sebastian Kulathunkal,0.1548,0.5399,UDF,0.3821,0.3221,0.283,0.58,0.28,0.12,0.2531,0.5672,0.1595,0.0203,UDF,0.314,0.8,0.0,896,97.21,28.3,49.8,6.4,43.5
Aroor,Alappuzha,0,LDF,LDF,UDF,Daleema Jojo,0.0484,0.5242,UDF,0.3821,0.3221,0.283,0.42,0.45,0.11,0.4087,0.4491,0.1243,0.0179,UDF,0.0405,0.7,0.0,1501,96.26,53.9,61.0,15.0,23.5
Cherthala,Alappuzha,0,LDF,LDF,UDF,P. Prasad,0.0381,0.5191,UDF,0.3821,0.3221,0.283,0.42,0.45,0.11,0.4043,0.4455,0.1364,0.0138,UDF,0.0412,0.7,0.0,1501,96.26,53.9,61.0,15.0,23.5
Alappuzha,Alappuzha,0,LDF,LDF,UDF,P.P. Chitharanjan,0.0861,0.5431,UDF,0.3821,0.3221,0.283,0.42,0.45,0.11,0.4115,0.438,0.135,0.0154,UDF,0.0265,0.7,0.0,1501,96.26,53.9,61.0,15.0,23.5
Ambalappuzha,Alappuzha,0,LDF,LDF,UDF,H. Salam,0.0997,0.5498,UDF,0.4129,0.4007,0.16,0.42,0.45,0.11,0.4661,0.421,0.0945,0.0184,LDF,0.0451,0.7,0.0,1501,96.26,53.9,61.0,15.0,23.5
Kuttanad,Alappuzha,0,UDF,LDF,UDF,Thomas K. Thomas,0.0505,0.5252,UDF,0.4129,0.4007,0.16,0.42,0.45,0.11,0.4421,0.4544,0.082,0.0215,UDF,0.0123,0.7,0.0,1501,96.26,53.9,61.0,15.0,23.5
Haripad,Alappuzha,0,UDF,UDF,LDF,Ramesh Chennithala,0.1036,0.5518,UDF,0.4129,0.4007,0.16,0.42,0.45,0.11,0.3673,0.533,0.0787,0.021,UDF,0.1657,0.7,0.0,1501,96.26,53.9,61.0,15.0,23.5
Kayamkulam,Alappuzha,0,LDF,LDF,UDF,U. Prathibha,0.0424,0.5212,UDF,0.4129,0.4007,0.16,0.42,0.45,0.11,0.4593,0.4494,0.0805,0.0108,LDF,0.01,0.7,0.0,1501,96.26,53.9,61.0,15.0,23.5
Mavelikkara,Alappuzha,1,LDF,LDF,UDF,M.S. Arun Kumar,0.203,0.5893,UDF,0.4129,0.4007,0.16,0.42,0.45,0.11,0.4977,0.3831,0.1002,0.019,LDF,0.1146,0.7,0.0,1501,96.26,53.9,61.0,15.0,23.5
Chengannur,Alappuzha,0,UDF,LDF,UDF,Saji Cheriyan,0.2637,0.5878,UDF,0.4129,0.4007,0.16,0.42,0.45,0.11,0.5496,0.3187,0.1121,0.0196,LDF,0.2309,0.7,0.0,1501,96.26,53.9,61.0,15.0,23.5
Thiruvalla,Pathanamthitta,0,UDF,LDF,UDF,Mathew T. Thomas,0.1011,0.5506,UDF,0.4129,0.4007,0.16,0.52,0.32,0.14,0.4641,0.4441,0.0733,0.0186,LDF,0.02,0.6,0.5,452,96.55,10.4,56.9,8.0,34.9
Ranni,Pathanamthitta,0,UDF,LDF,UDF,Pramod Narayan,0.0118,0.4724,UDF,0.3998,0.3279,0.2555,0.52,0.32,0.14,0.3694,0.4713,0.1435,0.0158,UDF,0.1019,0.6,0.5,452,96.55,10.4,56.9,8.0,34.9
Aranmula,Pathanamthitta,0,LDF,LDF,UDF,Veena George,0.1452,0.5726,UDF,0.3998,0.3279,0.2555,0.52,0.32,0.14,0.4542,0.3985,0.1247,0.0227,LDF,0.0557,0.6,0.5,452,96.55,10.4,56.9,8.0,34.9
Konni,Pathanamthitta,0,LDF,LDF,UDF,K.U. Jenish Kumar,0.0733,0.5366,UDF,0.3998,0.3279,0.2555,0.52,0.32,0.14,0.3275,0.4336,0.1159,0.123,UDF,0.1062,0.6,0.5,452,96.55,10.4,56.9,8.0,34.9
Adoor,Pathanamthitta,1,UDF,UDF,LDF,Chittayam Gopakumar,0.0282,0.5141,UDF,0.3998,0.3279,0.2555,0.52,0.32,0.14,0.3806,0.4838,0.1216,0.014,UDF,0.1031,0.6,0.5,452,96.55,10.4,56.9,8.0,34.9
Karunagapally,Kollam,0,UDF,UDF,LDF,C.R. Mahesh,0.1833,0.5916,UDF,0.3998,0.3279,0.2555,0.38,0.48,0.12,0.3274,0.5391,0.1146,0.0189,UDF,0.2117,0.7,0.0,1056,94.09,37.9,64.5,17.6,17.3
Chavara,Kollam,0,LDF,LDF,UDF,Sujith Vijayanpillai,0.0087,0.5044,UDF,0.4845,0.3203,0.1782,0.38,0.48,0.12,0.412,0.4672,0.0993,0.0215,UDF,0.0552,0.7,0.0,1056,94.09,37.9,64.5,17.6,17.3
Kunnathur,Kollam,1,LDF,LDF,UDF,Kovoor Kunjumon,0.0205,0.5103,UDF,0.4845,0.3203,0.1782,0.38,0.48,0.12,0.4246,0.471,0.0949,0.0096,UDF,0.0464,0.7,0.0,1056,94.09,37.9,64.5,17.6,17.3
Kottarakkara,Kollam,0,LDF,LDF,UDF,K.N. Balagopal,0.0853,0.5427,UDF,0.4845,0.3203,0.1782,0.38,0.48,0.12,0.428,0.4478,0.1068,0.0174,UDF,0.0199,0.7,0.0,1056,94.09,37.9,64.5,17.6,17.3
Pathanapuram,Kollam,0,UDF,LDF,UDF,K.B. Ganesh Kumar,0.1193,0.5597,UDF,0.4845,0.3203,0.1782,0.38,0.48,0.12,0.4552,0.4078,0.1148,0.0222,LDF,0.0474,0.7,0.0,1056,94.09,37.9,64.5,17.6,17.3
Punalur,Kollam,0,LDF,LDF,UDF,P.S. Supal,0.2837,0.6166,UDF,0.4845,0.3203,0.1782,0.38,0.48,0.12,0.5572,0.333,0.089,0.0208,LDF,0.2243,0.7,0.0,1056,94.09,37.9,64.5,17.6,17.3
Chadayamangalam,Kollam,0,LDF,LDF,UDF,J. Chinchu Rani,0.1132,0.5566,UDF,0.4845,0.3203,0.1782,0.38,0.48,0.12,0.4713,0.4211,0.0929,0.0148,LDF,0.0502,0.7,0.0,1056,94.09,37.9,64.5,17.6,17.3
Kundara,Kollam,0,UDF,UDF,LDF,P.C. Vishnunath,0.03,0.515,UDF,0.4845,0.3203,0.1782,0.38,0.48,0.12,0.4024,0.4826,0.0913,0.0236,UDF,0.0802,0.7,0.0,1056,94.09,37.9,64.5,17.6,17.3
Kollam,Kollam,0,LDF,LDF,UDF,Mukesh,0.018,0.509,UDF,0.3329,0.3322,0.3165,0.38,0.48,0.12,0.3891,0.4351,0.1554,0.0204,UDF,0.046,0.7,0.0,1056,94.09,37.9,64.5,17.6,17.3
Eravipuram,Kollam,0,LDF,LDF,UDF,M. Noushad,0.2313,0.5887,UDF,0.3329,0.3322,0.3165,0.38,0.48,0.12,0.487,0.3487,0.1502,0.0141,LDF,0.1384,0.7,0.0,1056,94.09,37.9,64.5,17.6,17.3
Chathannoor,Kollam,0,UDF,LDF,UDF,G.S. Jayalal,0.1574,0.5425,UDF,0.3329,0.3322,0.3165,0.38,0.48,0.12,0.4459,0.3839,0.1492,0.021,LDF,0.0621,0.7,0.0,1056,94.09,37.9,64.5,17.6,17.3
Varkala,Thiruvananthapuram,0,LDF,LDF,UDF,V. Joy,0.1487,0.5744,UDF,0.3329,0.3322,0.3165,0.35,0.42,0.2,0.447,0.3934,0.1444,0.0152,LDF,0.0536,0.8,0.0,1509,92.66,53.7,66.5,13.7,19.0
Attingal,Thiruvananthapuram,1,LDF,LDF,UDF,O.S. Ambika,0.2639,0.583,UDF,0.3329,0.3322,0.3165,0.35,0.42,0.2,0.4726,0.2959,0.2124,0.0191,LDF,0.1766,0.8,0.0,1509,92.66,53.7,66.5,13.7,19.0
Chirayinkeezhu,Thiruvananthapuram,1,LDF,LDF,UDF,V. Sasi,0.1244,0.5561,UDF,0.3329,0.3322,0.3165,0.35,0.42,0.2,0.437,0.3958,0.1453,0.0219,LDF,0.0412,0.8,0.0,1509,92.66,53.7,66.5,13.7,19.0
Nedumangad,Thiruvananthapuram,0,LDF,LDF,UDF,G.R. Anil,0.1899,0.5926,UDF,0.3329,0.3322,0.3165,0.35,0.42,0.2,0.4706,0.3602,0.1477,0.0214,LDF,0.1104,0.8,0.0,1509,92.66,53.7,66.5,13.7,19.0
Vamanapuram,Thiruvananthapuram,0,LDF,LDF,UDF,D.K. Murali,0.0753,0.5376,UDF,0.3719,0.2605,0.3597,0.35,0.42,0.2,0.3888,0.432,0.1584,0.0208,UDF,0.0432,0.8,0.0,1509,92.66,53.7,66.5,13.7,19.0
Kazhakoottam,Thiruvananthapuram,0,LDF,LDF,UDF,Kadakampally Surendran,0.2067,0.5602,UDF,0.3719,0.2605,0.3597,0.35,0.42,0.2,0.4164,0.3046,0.2592,0.0198,LDF,0.1118,0.8,0.0,1509,92.66,53.7,66.5,13.7,19.0
Vattiyoorkavu,Thiruvananthapuram,0,LDF,LDF,UDF,V.K. Prasanth,0.1936,0.55,UDF,0.3719,0.2605,0.3597,0.35,0.42,0.2,0.4009,0.3053,0.2816,0.0122,LDF,0.0956,0.8,0.0,1509,92.66,53.7,66.5,13.7,19.0
Thiruvananthapuram,Thiruvananthapuram,0,UDF,LDF,UDF,Antony Raju,0.0718,0.4937,UDF,0.3719,0.2605,0.3597,0.35,0.42,0.2,0.367,0.3802,0.2333,0.0195,UDF,0.0132,0.8,0.0,1509,92.66,53.7,66.5,13.7,19.0
Nemom,Thiruvananthapuram,0,NDA,LDF,NDA,V. Sivankutty,0.0367,0.5183,UDF,0.3719,0.2605,0.3597,0.35,0.42,0.2,0.2362,0.3468,0.4024,0.0146,NDA,0.0556,0.8,0.0,1509,92.66,53.7,66.5,13.7,19.0
Aruvikkara,Thiruvananthapuram,0,UDF,LDF,UDF,G. Stephen,0.0393,0.5196,UDF,0.3719,0.2605,0.3597,0.35,0.42,0.2,0.3884,0.415,0.1728,0.0238,UDF,0.0267,0.8,0.0,1509,92.66,53.7,66.5,13.7,19.0
Parassala,Thiruvananthapuram,0,LDF,LDF,UDF,C.K. Hareendran,0.1968,0.5984,UDF,0.3719,0.2605,0.3597,0.35,0.42,0.2,0.4438,0.3664,0.1718,0.018,LDF,0.0773,0.8,0.0,1509,92.66,53.7,66.5,13.7,19.0
Kattakada,Thiruvananthapuram,0,LDF,LDF,UDF,I.B. Sathish,0.1998,0.5701,UDF,0.3719,0.2605,0.3597,0.35,0.42,0.2,0.4492,0.3387,0.1937,0.0184,LDF,0.1105,0.8,0.0,1509,92.66,53.7,66.5,13.7,19.0
Kovalam,Thiruvananthapuram,0,UDF,UDF,LDF,M. Vincent,0.0837,0.5418,UDF,0.3719,0.2605,0.3597,0.35,0.42,0.2,0.3379,0.485,0.1609,0.0163,UDF,0.1471,0.8,0.0,1509,92.66,53.7,66.5,13.7,19.0
Neyyattinkara,Thiruvananthapuram,0,LDF,LDF,UDF,K. Ansalan,0.1222,0.5611,UDF,0.3719,0.2605,0.3597,0.35,0.42,0.2,0.4114,0.3888,0.1832,0.0166,LDF,0.0226,0.8,0.0,1509,92.66,53.7,66.5,13.7,19.0
